{
  "apps": [
    {
      "name": "app",
      "script": "src/index.js",
      "instances": 10,
      "autorestart": true,
      "watch": true,
      "ignore_watch": [
        "node_modules",
        "storage"
      ],
      "time": true,
      "env": {
        "NODE_ENV": "production"
      }
    },
    {
      "name": "hosted",
      "script": "src/hosted.js",
      "instances": 1,
      "autorestart": true,
      "watch": true,
      "time": true,
      "env": {
        "NODE_ENV": "production"
      }
    }
  ]
}
